metric,model_a,mode_a,pooling_a,model_b,mode_b,pooling_b,5way_auc_a,5way_auc_b,diff,diff_ci_lo,diff_ci_hi,p_value
5way_auc,cinema_pretrained,ft-frozen,gap,sam_vit_base,ft-full,gap,0.9000,0.7580,0.1420,0.0463,0.2277,0.0000
5way_auc,dinov3_vitb16,logreg,cls,dinov3_vits16,logreg,cls,0.9020,0.8275,0.0745,0.0287,0.1279,0.0000
5way_auc,cinema_pretrained,ft-full,cls,dinov3_vits16,ft-full,gap,0.8982,0.6385,0.2597,0.1487,0.3513,0.0000
5way_auc,dinov3_vitb16,logreg,cls,dinov3_vits16,ft-full,gap,0.9020,0.6385,0.2635,0.1486,0.3617,0.0000
5way_auc,dinov3_vitb16,logreg,cls,dinov3_vits16,ft-frozen,gap,0.9020,0.8360,0.0660,0.0157,0.1163,0.0000
5way_auc,cinema_pretrained,ft-full,gap,sam_vit_large,logreg,gap,0.6232,0.8255,-0.2022,-0.2938,-0.1047,0.0000
5way_auc,dinov3_vit7b16,logreg,cls,dinov3_vits16,ft-full,gap,0.8570,0.6385,0.2185,0.1134,0.3093,0.0000
5way_auc,dinov3_vitl16,logreg,cls,sam_vit_base,ft-full,gap,0.8675,0.7580,0.1095,0.0296,0.1902,0.0000
5way_auc,dinov3_vit7b16,logreg,gap,dinov3_vitb16,ft-full,cls,0.8675,0.6890,0.1785,0.0802,0.2806,0.0000
5way_auc,dinov3_vits16,ft-frozen,cls,dinov3_vits16,ft-full,gap,0.8420,0.6385,0.2035,0.0828,0.3192,0.0000
5way_auc,dinov3_vitb16,logreg,gap,dinov3_vits16,ft-frozen,gap,0.9105,0.8360,0.0745,0.0186,0.1291,0.0000
5way_auc,dinov3_vitb16,logreg,gap,dinov3_vits16,ft-full,gap,0.9105,0.6385,0.2720,0.1697,0.3665,0.0000
5way_auc,cinema_pretrained,ft-full,cls,dinov3_vitb16,ft-full,cls,0.8982,0.6890,0.2092,0.0823,0.2928,0.0000
5way_auc,dinov3_vitl16,logreg,cls,dinov3_vits16,ft-full,gap,0.8675,0.6385,0.2290,0.1259,0.3233,0.0000
5way_auc,dinov3_vits16,ft-frozen,gap,dinov3_vits16,ft-full,gap,0.8360,0.6385,0.1975,0.0758,0.3075,0.0000
5way_auc,dinov3_vit7b16,logreg,gap,dinov3_vits16,ft-full,gap,0.8675,0.6385,0.2290,0.1309,0.3195,0.0000
5way_auc,cinema_pretrained,logreg,cls,dinov3_vitb16,ft-full,cls,0.8935,0.6890,0.2045,0.1048,0.2913,0.0000
5way_auc,dinov3_vitb16,ft-frozen,cls,dinov3_vitb16,ft-full,cls,0.9090,0.6890,0.2200,0.1067,0.3157,0.0000
5way_auc,dinov3_vits16,ft-full,cls,dinov3_vits16,ft-full,gap,0.8125,0.6385,0.1740,0.0777,0.2753,0.0000
5way_auc,cinema_pretrained,ft-full,cls,cinema_pretrained,ft-full,gap,0.8982,0.6232,0.2750,0.2102,0.3423,0.0000
5way_auc,dinov3_vitb16,ft-frozen,cls,dinov3_vits16,ft-frozen,gap,0.9090,0.8360,0.0730,0.0212,0.1238,0.0000
5way_auc,dinov3_vitb16,ft-frozen,cls,dinov3_vits16,ft-full,gap,0.9090,0.6385,0.2705,0.1541,0.3688,0.0000
5way_auc,dinov3_vitb16,ft-frozen,cls,dinov3_vits16,logreg,cls,0.9090,0.8275,0.0815,0.0288,0.1326,0.0000
5way_auc,cinema_pretrained,ft-full,gap,dinov3_vits16,logreg,gap,0.6232,0.8280,-0.2048,-0.3005,-0.0996,0.0000
5way_auc,dinov3_vitb16,logreg,cls,dinov3_vits16,logreg,gap,0.9020,0.8280,0.0740,0.0229,0.1217,0.0000
5way_auc,dinov3_vitb16,ft-frozen,cls,dinov3_vits16,logreg,gap,0.9090,0.8280,0.0810,0.0271,0.1335,0.0000
5way_auc,dinov3_vitl16,logreg,gap,dinov3_vits16,ft-full,gap,0.8500,0.6385,0.2115,0.1135,0.3058,0.0000
5way_auc,cinema_pretrained,ft-full,gap,sam_vit_large,ft-frozen,gap,0.6232,0.8405,-0.2172,-0.3066,-0.1101,0.0000
5way_auc,cinema_pretrained,ft-full,gap,dinov3_vits16,logreg,cls,0.6232,0.8275,-0.2043,-0.3063,-0.0868,0.0000
5way_auc,cinema_pretrained,ft-full,gap,sam_vit_base,ft-full,gap,0.6232,0.7580,-0.1348,-0.2243,-0.0488,0.0000
5way_auc,cinema_pretrained,ft-full,gap,dinov3_vits16,ft-full,cls,0.6232,0.8125,-0.1893,-0.2793,-0.0907,0.0000
5way_auc,cinema_pretrained,ft-full,gap,dinov3_vits16,ft-frozen,gap,0.6232,0.8360,-0.2127,-0.3055,-0.1073,0.0000
5way_auc,cinema_pretrained,ft-full,gap,dinov3_vits16,ft-frozen,cls,0.6232,0.8420,-0.2188,-0.3217,-0.1057,0.0000
5way_auc,cinema_pretrained,ft-full,gap,dinov3_vitl16,logreg,gap,0.6232,0.8500,-0.2268,-0.3240,-0.1297,0.0000
5way_auc,cinema_pretrained,ft-full,gap,dinov3_vitl16,logreg,cls,0.6232,0.8675,-0.2442,-0.3406,-0.1439,0.0000
5way_auc,cinema_pretrained,ft-full,gap,dinov3_vitl16,ft-frozen,gap,0.6232,0.8540,-0.2307,-0.3184,-0.1407,0.0000
5way_auc,cinema_pretrained,ft-full,gap,dinov3_vitl16,ft-frozen,cls,0.6232,0.8615,-0.2383,-0.3385,-0.1285,0.0000
5way_auc,cinema_pretrained,ft-full,gap,dinov3_vitb16,logreg,gap,0.6232,0.9105,-0.2873,-0.3799,-0.2057,0.0000
5way_auc,cinema_pretrained,ft-full,gap,dinov3_vitb16,logreg,cls,0.6232,0.9020,-0.2787,-0.3659,-0.1919,0.0000
5way_auc,dinov3_vit7b16,ft-frozen,gap,dinov3_vits16,ft-full,gap,0.8477,0.6385,0.2092,0.1093,0.3102,0.0000
5way_auc,cinema_pretrained,ft-full,gap,dinov3_vitb16,ft-frozen,gap,0.6232,0.9080,-0.2848,-0.3696,-0.2031,0.0000
5way_auc,cinema_pretrained,ft-full,gap,dinov3_vitb16,ft-frozen,cls,0.6232,0.9090,-0.2858,-0.3710,-0.1981,0.0000
5way_auc,cinema_pretrained,ft-full,gap,dinov3_vit7b16,logreg,gap,0.6232,0.8675,-0.2442,-0.3268,-0.1539,0.0000
5way_auc,cinema_pretrained,ft-full,gap,dinov3_vit7b16,logreg,cls,0.6232,0.8570,-0.2338,-0.3267,-0.1410,0.0000
5way_auc,cinema_pretrained,ft-full,gap,dinov3_vit7b16,ft-frozen,gap,0.6232,0.8477,-0.2245,-0.3158,-0.1216,0.0000
5way_auc,cinema_pretrained,ft-full,gap,dinov3_vit7b16,ft-frozen,cls,0.6232,0.8148,-0.1915,-0.2835,-0.0869,0.0000
5way_auc,cinema_pretrained,ft-full,gap,cinema_pretrained,logreg,gap,0.6232,0.9055,-0.2823,-0.3488,-0.2112,0.0000
5way_auc,cinema_pretrained,ft-full,gap,cinema_pretrained,logreg,cls,0.6232,0.8935,-0.2703,-0.3442,-0.1903,0.0000
5way_auc,cinema_pretrained,ft-full,gap,sam_vit_base,logreg,gap,0.6232,0.8605,-0.2373,-0.3284,-0.1378,0.0000
5way_auc,cinema_pretrained,ft-full,gap,sam_vit_huge,ft-frozen,gap,0.6232,0.8195,-0.1963,-0.2814,-0.1032,0.0000
5way_auc,cinema_pretrained,ft-full,gap,sam_vit_huge,logreg,gap,0.6232,0.8200,-0.1967,-0.2858,-0.0867,0.0000
5way_auc,cinema_pretrained,ft-full,cls,sam_vit_base,ft-full,gap,0.8982,0.7580,0.1402,0.0335,0.2299,0.0000
5way_auc,cinema_pretrained,ft-frozen,gap,dinov3_vits16,ft-full,gap,0.9000,0.6385,0.2615,0.1660,0.3676,0.0000
5way_auc,cinema_pretrained,ft-full,gap,sam_vit_base,ft-frozen,gap,0.6232,0.8605,-0.2373,-0.3299,-0.1325,0.0000
5way_auc,dinov3_vit7b16,ft-frozen,gap,dinov3_vitb16,ft-full,cls,0.8477,0.6890,0.1588,0.0631,0.2636,0.0000
5way_auc,dinov3_vits16,ft-full,gap,sam_vit_large,logreg,gap,0.6385,0.8255,-0.1870,-0.3060,-0.0691,0.0000
5way_auc,cinema_pretrained,ft-frozen,gap,cinema_pretrained,ft-full,gap,0.9000,0.6232,0.2768,0.2067,0.3516,0.0000
5way_auc,dinov3_vitl16,ft-frozen,cls,dinov3_vits16,ft-full,gap,0.8615,0.6385,0.2230,0.1172,0.3176,0.0000
5way_auc,dinov3_vitb16,ft-frozen,gap,sam_vit_base,ft-full,gap,0.9080,0.7580,0.1500,0.0591,0.2258,0.0000
5way_auc,cinema_pretrained,ft-frozen,cls,dinov3_vits16,ft-full,gap,0.8840,0.6385,0.2455,0.1422,0.3520,0.0000
5way_auc,cinema_pretrained,logreg,cls,sam_vit_base,ft-full,gap,0.8935,0.7580,0.1355,0.0364,0.2188,0.0000
5way_auc,dinov3_vitb16,ft-full,cls,dinov3_vitb16,logreg,cls,0.6890,0.9020,-0.2130,-0.3041,-0.1038,0.0000
5way_auc,dinov3_vitb16,ft-full,cls,dinov3_vitb16,logreg,gap,0.6890,0.9105,-0.2215,-0.3165,-0.1228,0.0000
5way_auc,dinov3_vits16,ft-full,gap,sam_vit_large,ft-frozen,gap,0.6385,0.8405,-0.2020,-0.3229,-0.0771,0.0000
5way_auc,dinov3_vitb16,ft-full,cls,dinov3_vitl16,ft-frozen,cls,0.6890,0.8615,-0.1725,-0.2772,-0.0546,0.0000
5way_auc,dinov3_vitb16,ft-full,cls,dinov3_vitl16,logreg,cls,0.6890,0.8675,-0.1785,-0.2816,-0.0627,0.0000
5way_auc,cinema_pretrained,ft-frozen,cls,dinov3_vitb16,ft-full,cls,0.8840,0.6890,0.1950,0.0828,0.2876,0.0000
5way_auc,dinov3_vitl16,ft-frozen,gap,dinov3_vits16,ft-full,gap,0.8540,0.6385,0.2155,0.1058,0.3070,0.0000
5way_auc,dinov3_vitb16,ft-full,cls,dinov3_vits16,ft-full,cls,0.6890,0.8125,-0.1235,-0.2237,-0.0216,0.0000
5way_auc,cinema_pretrained,logreg,gap,sam_vit_base,ft-full,gap,0.9055,0.7580,0.1475,0.0602,0.2283,0.0000
5way_auc,cinema_pretrained,logreg,gap,dinov3_vitb16,ft-full,cls,0.9055,0.6890,0.2165,0.1206,0.3035,0.0000
5way_auc,cinema_pretrained,ft-frozen,cls,cinema_pretrained,ft-full,gap,0.8840,0.6232,0.2608,0.1743,0.3373,0.0000
5way_auc,cinema_pretrained,logreg,gap,dinov3_vits16,ft-full,gap,0.9055,0.6385,0.2670,0.1720,0.3698,0.0000
5way_auc,dinov3_vitb16,ft-full,cls,dinov3_vitl16,ft-frozen,gap,0.6890,0.8540,-0.1650,-0.2644,-0.0538,0.0000
5way_auc,cinema_pretrained,logreg,cls,dinov3_vits16,ft-full,gap,0.8935,0.6385,0.2550,0.1507,0.3526,0.0000
5way_auc,dinov3_vitb16,ft-frozen,gap,dinov3_vits16,ft-full,gap,0.9080,0.6385,0.2695,0.1743,0.3596,0.0000
5way_auc,dinov3_vitb16,logreg,gap,sam_vit_base,ft-full,gap,0.9105,0.7580,0.1525,0.0641,0.2273,0.0000
5way_auc,dinov3_vitb16,ft-frozen,gap,dinov3_vitb16,ft-full,cls,0.9080,0.6890,0.2190,0.1189,0.3129,0.0000
5way_auc,cinema_pretrained,ft-frozen,gap,dinov3_vitb16,ft-full,cls,0.9000,0.6890,0.2110,0.1020,0.3006,0.0000
5way_auc,dinov3_vitb16,logreg,gap,dinov3_vits16,logreg,gap,0.9105,0.8280,0.0825,0.0306,0.1372,0.0000
5way_auc,dinov3_vits16,ft-full,gap,sam_vit_base,logreg,gap,0.6385,0.8605,-0.2220,-0.3277,-0.1271,0.0000
5way_auc,dinov3_vits16,ft-full,gap,sam_vit_base,ft-frozen,gap,0.6385,0.8605,-0.2220,-0.3283,-0.1200,0.0000
5way_auc,dinov3_vits16,ft-full,gap,sam_vit_huge,ft-frozen,gap,0.6385,0.8195,-0.1810,-0.2945,-0.0671,0.0000
5way_auc,dinov3_vits16,ft-full,gap,sam_vit_huge,logreg,gap,0.6385,0.8200,-0.1815,-0.2945,-0.0714,0.0000
5way_auc,cinema_pretrained,logreg,gap,dinov3_vitb16,ft-full,gap,0.9055,0.7690,0.1365,0.0274,0.2313,0.0100
5way_auc,dinov3_vits16,ft-full,gap,dinov3_vits16,logreg,cls,0.6385,0.8275,-0.1890,-0.3031,-0.0675,0.0100
5way_auc,sam_vit_base,ft-full,gap,sam_vit_base,logreg,gap,0.7580,0.8605,-0.1025,-0.1824,-0.0206,0.0100
5way_auc,dinov3_vits16,ft-full,gap,dinov3_vits16,logreg,gap,0.6385,0.8280,-0.1895,-0.3014,-0.0719,0.0100
5way_auc,cinema_pretrained,logreg,gap,dinov3_vit7b16,ft-frozen,cls,0.9055,0.8148,0.0907,0.0156,0.1654,0.0100
5way_auc,dinov3_vitb16,ft-full,cls,dinov3_vitl16,logreg,gap,0.6890,0.8500,-0.1610,-0.2574,-0.0445,0.0100
5way_auc,dinov3_vitb16,ft-frozen,cls,dinov3_vits16,ft-frozen,cls,0.9090,0.8420,0.0670,0.0156,0.1143,0.0100
5way_auc,cinema_pretrained,ft-full,gap,dinov3_vitb16,ft-full,gap,0.6232,0.7690,-0.1458,-0.2526,-0.0449,0.0100
5way_auc,dinov3_vitb16,logreg,gap,dinov3_vits16,logreg,cls,0.9105,0.8275,0.0830,0.0225,0.1512,0.0100
5way_auc,dinov3_vitb16,ft-full,gap,dinov3_vitb16,logreg,gap,0.7690,0.9105,-0.1415,-0.2203,-0.0345,0.0100
5way_auc,dinov3_vitb16,ft-full,cls,sam_vit_base,logreg,gap,0.6890,0.8605,-0.1715,-0.2865,-0.0404,0.0100
5way_auc,dinov3_vitb16,ft-frozen,gap,dinov3_vitb16,ft-full,gap,0.9080,0.7690,0.1390,0.0388,0.2188,0.0100
5way_auc,dinov3_vitb16,ft-frozen,gap,sam_vit_large,logreg,gap,0.9080,0.8255,0.0825,0.0138,0.1595,0.0100
5way_auc,dinov3_vitb16,logreg,gap,dinov3_vits16,ft-frozen,cls,0.9105,0.8420,0.0685,0.0096,0.1314,0.0100
5way_auc,dinov3_vit7b16,ft-frozen,cls,dinov3_vitb16,ft-frozen,gap,0.8148,0.9080,-0.0932,-0.1732,-0.0105,0.0100
5way_auc,dinov3_vitb16,ft-frozen,gap,sam_vit_huge,logreg,gap,0.9080,0.8200,0.0880,0.0218,0.1582,0.0100
5way_auc,dinov3_vitb16,logreg,gap,sam_vit_large,logreg,gap,0.9105,0.8255,0.0850,0.0186,0.1618,0.0100
5way_auc,dinov3_vitb16,ft-full,gap,dinov3_vits16,ft-full,gap,0.7690,0.6385,0.1305,0.0357,0.2144,0.0100
5way_auc,dinov3_vitb16,logreg,cls,sam_vit_base,ft-full,gap,0.9020,0.7580,0.1440,0.0527,0.2218,0.0100
5way_auc,dinov3_vitb16,ft-frozen,gap,dinov3_vits16,logreg,gap,0.9080,0.8280,0.0800,0.0259,0.1364,0.0100
5way_auc,sam_vit_base,ft-frozen,gap,sam_vit_base,ft-full,gap,0.8605,0.7580,0.1025,0.0228,0.1831,0.0100
5way_auc,dinov3_vits16,ft-full,gap,sam_vit_base,ft-full,gap,0.6385,0.7580,-0.1195,-0.2147,-0.0240,0.0100
5way_auc,dinov3_vit7b16,ft-frozen,cls,dinov3_vitb16,logreg,gap,0.8148,0.9105,-0.0958,-0.1738,-0.0134,0.0100
5way_auc,dinov3_vitb16,ft-frozen,gap,dinov3_vits16,logreg,cls,0.9080,0.8275,0.0805,0.0216,0.1447,0.0100
5way_auc,dinov3_vitb16,ft-frozen,cls,sam_vit_base,ft-full,gap,0.9090,0.7580,0.1510,0.0596,0.2242,0.0100
5way_auc,dinov3_vitb16,ft-frozen,gap,dinov3_vits16,ft-frozen,gap,0.9080,0.8360,0.0720,0.0151,0.1269,0.0100
5way_auc,dinov3_vitb16,ft-frozen,gap,dinov3_vits16,ft-frozen,cls,0.9080,0.8420,0.0660,0.0072,0.1267,0.0100
5way_auc,dinov3_vit7b16,ft-frozen,cls,dinov3_vits16,ft-full,gap,0.8148,0.6385,0.1763,0.0578,0.2888,0.0200
5way_auc,dinov3_vitb16,logreg,gap,sam_vit_huge,ft-frozen,gap,0.9105,0.8195,0.0910,0.0163,0.1654,0.0200
5way_auc,cinema_pretrained,logreg,cls,dinov3_vitb16,ft-full,gap,0.8935,0.7690,0.1245,0.0139,0.2179,0.0200
5way_auc,dinov3_vitb16,logreg,gap,sam_vit_huge,logreg,gap,0.9105,0.8200,0.0905,0.0159,0.1619,0.0200
5way_auc,dinov3_vitb16,logreg,cls,dinov3_vits16,ft-frozen,cls,0.9020,0.8420,0.0600,0.0134,0.1107,0.0200
5way_auc,cinema_pretrained,logreg,gap,dinov3_vits16,ft-frozen,gap,0.9055,0.8360,0.0695,0.0052,0.1400,0.0200
5way_auc,cinema_pretrained,ft-full,cls,dinov3_vitb16,ft-full,gap,0.8982,0.7690,0.1292,0.0134,0.2273,0.0200
5way_auc,dinov3_vitb16,ft-frozen,cls,sam_vit_huge,logreg,gap,0.9090,0.8200,0.0890,0.0103,0.1678,0.0200
5way_auc,cinema_pretrained,ft-frozen,cls,sam_vit_base,ft-full,gap,0.8840,0.7580,0.1260,0.0256,0.2117,0.0200
5way_auc,dinov3_vitb16,ft-frozen,gap,sam_vit_huge,ft-frozen,gap,0.9080,0.8195,0.0885,0.0169,0.1619,0.0200
5way_auc,dinov3_vitb16,ft-frozen,cls,dinov3_vitb16,ft-full,gap,0.9090,0.7690,0.1400,0.0278,0.2366,0.0200
5way_auc,dinov3_vit7b16,logreg,gap,sam_vit_base,ft-full,gap,0.8675,0.7580,0.1095,0.0175,0.1970,0.0200
5way_auc,dinov3_vitb16,ft-full,cls,dinov3_vits16,ft-frozen,cls,0.6890,0.8420,-0.1530,-0.2523,-0.0255,0.0200
5way_auc,cinema_pretrained,ft-frozen,gap,dinov3_vitb16,ft-full,gap,0.9000,0.7690,0.1310,0.0163,0.2329,0.0200
5way_auc,dinov3_vitl16,logreg,gap,sam_vit_base,ft-full,gap,0.8500,0.7580,0.0920,0.0097,0.1730,0.0200
5way_auc,dinov3_vitb16,ft-full,cls,sam_vit_base,ft-frozen,gap,0.6890,0.8605,-0.1715,-0.2854,-0.0405,0.0200
5way_auc,dinov3_vit7b16,logreg,cls,dinov3_vitb16,ft-full,cls,0.8570,0.6890,0.1680,0.0596,0.2583,0.0200
5way_auc,dinov3_vitb16,logreg,cls,sam_vit_huge,logreg,gap,0.9020,0.8200,0.0820,0.0087,0.1551,0.0200
5way_auc,dinov3_vitb16,ft-full,cls,dinov3_vits16,ft-frozen,gap,0.6890,0.8360,-0.1470,-0.2503,-0.0396,0.0200
5way_auc,dinov3_vitb16,ft-full,cls,dinov3_vits16,logreg,gap,0.6890,0.8280,-0.1390,-0.2452,-0.0251,0.0300
5way_auc,dinov3_vit7b16,ft-frozen,cls,dinov3_vitb16,ft-frozen,cls,0.8148,0.9090,-0.0942,-0.1675,-0.0038,0.0300
5way_auc,dinov3_vitb16,logreg,gap,sam_vit_large,ft-frozen,gap,0.9105,0.8405,0.0700,0.0053,0.1449,0.0300
5way_auc,dinov3_vitb16,ft-frozen,gap,sam_vit_large,ft-frozen,gap,0.9080,0.8405,0.0675,0.0023,0.1425,0.0300
5way_auc,cinema_pretrained,logreg,gap,dinov3_vits16,logreg,gap,0.9055,0.8280,0.0775,0.0127,0.1492,0.0300
5way_auc,cinema_pretrained,ft-frozen,gap,dinov3_vit7b16,ft-frozen,cls,0.9000,0.8148,0.0852,0.0092,0.1647,0.0300
5way_auc,dinov3_vitb16,logreg,gap,dinov3_vitl16,logreg,gap,0.9105,0.8500,0.0605,0.0027,0.1233,0.0300
5way_auc,dinov3_vitb16,ft-full,gap,dinov3_vitb16,logreg,cls,0.7690,0.9020,-0.1330,-0.2285,-0.0302,0.0300
5way_auc,dinov3_vitb16,ft-full,cls,sam_vit_large,ft-frozen,gap,0.6890,0.8405,-0.1515,-0.2670,-0.0161,0.0300
5way_auc,dinov3_vitb16,ft-frozen,cls,sam_vit_huge,ft-frozen,gap,0.9090,0.8195,0.0895,0.0128,0.1607,0.0300
5way_auc,dinov3_vitb16,logreg,cls,sam_vit_huge,ft-frozen,gap,0.9020,0.8195,0.0825,0.0038,0.1599,0.0300
5way_auc,dinov3_vit7b16,logreg,cls,sam_vit_base,ft-full,gap,0.8570,0.7580,0.0990,0.0137,0.1911,0.0300
5way_auc,dinov3_vitb16,ft-frozen,cls,sam_vit_large,logreg,gap,0.9090,0.8255,0.0835,0.0079,0.1688,0.0300
5way_auc,dinov3_vit7b16,logreg,gap,dinov3_vitb16,ft-full,gap,0.8675,0.7690,0.0985,0.0144,0.1657,0.0300
5way_auc,dinov3_vits16,ft-frozen,cls,dinov3_vits16,logreg,cls,0.8420,0.8275,0.0145,0.0023,0.0286,0.0300
5way_auc,dinov3_vitl16,ft-frozen,gap,sam_vit_base,ft-full,gap,0.8540,0.7580,0.0960,0.0058,0.1828,0.0400
5way_auc,cinema_pretrained,ft-frozen,gap,dinov3_vits16,ft-frozen,gap,0.9000,0.8360,0.0640,0.0045,0.1336,0.0400
5way_auc,cinema_pretrained,logreg,gap,dinov3_vits16,ft-full,cls,0.9055,0.8125,0.0930,0.0044,0.1675,0.0400
5way_auc,cinema_pretrained,logreg,cls,dinov3_vit7b16,ft-frozen,cls,0.8935,0.8148,0.0787,0.0003,0.1701,0.0400
5way_auc,dinov3_vitb16,ft-full,cls,dinov3_vits16,logreg,cls,0.6890,0.8275,-0.1385,-0.2423,-0.0132,0.0400
5way_auc,cinema_pretrained,logreg,gap,sam_vit_huge,ft-frozen,gap,0.9055,0.8195,0.0860,0.0024,0.1624,0.0400
5way_auc,cinema_pretrained,ft-frozen,gap,dinov3_vits16,logreg,gap,0.9000,0.8280,0.0720,0.0117,0.1425,0.0400
5way_auc,dinov3_vitb16,ft-frozen,gap,dinov3_vitl16,logreg,gap,0.9080,0.8500,0.0580,0.0029,0.1201,0.0400
5way_auc,cinema_pretrained,logreg,gap,sam_vit_large,logreg,gap,0.9055,0.8255,0.0800,0.0002,0.1559,0.0400
5way_auc,dinov3_vitb16,ft-frozen,gap,dinov3_vits16,ft-full,cls,0.9080,0.8125,0.0955,0.0039,0.1708,0.0400
5way_auc,dinov3_vit7b16,ft-frozen,cls,dinov3_vitb16,logreg,cls,0.8148,0.9020,-0.0872,-0.1624,-0.0009,0.0400
5way_auc,dinov3_vitb16,logreg,cls,sam_vit_large,logreg,gap,0.9020,0.8255,0.0765,0.0011,0.1621,0.0400
5way_auc,dinov3_vitb16,logreg,gap,dinov3_vits16,ft-full,cls,0.9105,0.8125,0.0980,0.0018,0.1770,0.0500
5way_auc,dinov3_vit7b16,ft-frozen,gap,dinov3_vitb16,ft-full,gap,0.8477,0.7690,0.0787,0.0003,0.1631,0.0500
5way_auc,dinov3_vit7b16,ft-frozen,cls,dinov3_vitb16,ft-full,cls,0.8148,0.6890,0.1258,0.0059,0.2293,0.0500
5way_auc,dinov3_vitb16,ft-full,cls,sam_vit_huge,ft-frozen,gap,0.6890,0.8195,-0.1305,-0.2414,-0.0009,0.0500
5way_auc,cinema_pretrained,logreg,gap,sam_vit_huge,logreg,gap,0.9055,0.8200,0.0855,0.0010,0.1660,0.0500
5way_auc,cinema_pretrained,logreg,gap,dinov3_vits16,logreg,cls,0.9055,0.8275,0.0780,0.0107,0.1570,0.0500
5way_auc,dinov3_vitl16,ft-frozen,cls,sam_vit_base,ft-full,gap,0.8615,0.7580,0.1035,0.0018,0.1933,0.0500
5way_auc,cinema_pretrained,ft-frozen,gap,sam_vit_huge,ft-frozen,gap,0.9000,0.8195,0.0805,0.0001,0.1594,0.0500
5way_auc,cinema_pretrained,ft-frozen,gap,dinov3_vits16,ft-full,cls,0.9000,0.8125,0.0875,-0.0099,0.1688,0.0600
5way_auc,cinema_pretrained,logreg,gap,dinov3_vits16,ft-frozen,cls,0.9055,0.8420,0.0635,-0.0023,0.1391,0.0600
5way_auc,dinov3_vitb16,ft-full,gap,dinov3_vitl16,logreg,cls,0.7690,0.8675,-0.0985,-0.1767,0.0055,0.0600
5way_auc,cinema_pretrained,ft-frozen,gap,dinov3_vits16,logreg,cls,0.9000,0.8275,0.0725,-0.0024,0.1491,0.0600
5way_auc,dinov3_vitb16,ft-full,cls,sam_vit_huge,logreg,gap,0.6890,0.8200,-0.1310,-0.2308,0.0006,0.0700
5way_auc,dinov3_vitb16,ft-full,gap,dinov3_vitl16,ft-frozen,cls,0.7690,0.8615,-0.0925,-0.1804,0.0092,0.0700
5way_auc,dinov3_vitb16,ft-full,gap,sam_vit_base,ft-frozen,gap,0.7690,0.8605,-0.0915,-0.1841,0.0215,0.0700
5way_auc,dinov3_vit7b16,ft-frozen,gap,sam_vit_base,ft-full,gap,0.8477,0.7580,0.0897,-0.0107,0.1885,0.0800
5way_auc,dinov3_vitb16,ft-frozen,cls,dinov3_vits16,ft-full,cls,0.9090,0.8125,0.0965,-0.0121,0.1875,0.0800
5way_auc,dinov3_vitb16,ft-frozen,cls,sam_vit_large,ft-frozen,gap,0.9090,0.8405,0.0685,-0.0050,0.1491,0.0800
5way_auc,dinov3_vitb16,ft-full,cls,sam_vit_large,logreg,gap,0.6890,0.8255,-0.1365,-0.2520,0.0107,0.0800
5way_auc,cinema_pretrained,logreg,cls,dinov3_vits16,ft-full,cls,0.8935,0.8125,0.0810,-0.0027,0.1632,0.0800
5way_auc,sam_vit_base,ft-frozen,gap,sam_vit_huge,ft-frozen,gap,0.8605,0.8195,0.0410,-0.0058,0.0957,0.0800
5way_auc,dinov3_vitb16,ft-full,gap,sam_vit_base,logreg,gap,0.7690,0.8605,-0.0915,-0.1827,0.0159,0.0800
5way_auc,cinema_pretrained,logreg,cls,dinov3_vits16,logreg,gap,0.8935,0.8280,0.0655,-0.0133,0.1372,0.0800
5way_auc,cinema_pretrained,ft-frozen,cls,dinov3_vit7b16,ft-frozen,cls,0.8840,0.8148,0.0692,-0.0044,0.1605,0.0800
5way_auc,cinema_pretrained,ft-frozen,cls,dinov3_vitb16,ft-full,gap,0.8840,0.7690,0.1150,-0.0038,0.2130,0.0800
5way_auc,sam_vit_base,logreg,gap,sam_vit_huge,logreg,gap,0.8605,0.8200,0.0405,-0.0080,0.0955,0.0800
5way_auc,dinov3_vit7b16,ft-frozen,cls,dinov3_vit7b16,logreg,gap,0.8148,0.8675,-0.0527,-0.1109,0.0069,0.0800
5way_auc,dinov3_vitb16,ft-frozen,cls,dinov3_vitl16,logreg,gap,0.9090,0.8500,0.0590,-0.0017,0.1214,0.0900
5way_auc,cinema_pretrained,ft-frozen,gap,sam_vit_huge,logreg,gap,0.9000,0.8200,0.0800,-0.0038,0.1620,0.0900
5way_auc,cinema_pretrained,logreg,cls,dinov3_vits16,logreg,cls,0.8935,0.8275,0.0660,-0.0083,0.1469,0.0900
5way_auc,sam_vit_base,logreg,gap,sam_vit_huge,ft-frozen,gap,0.8605,0.8195,0.0410,-0.0055,0.0942,0.0900
5way_auc,sam_vit_base,ft-full,gap,sam_vit_large,ft-frozen,gap,0.7580,0.8405,-0.0825,-0.1574,0.0126,0.0900
5way_auc,cinema_pretrained,ft-frozen,gap,sam_vit_large,logreg,gap,0.9000,0.8255,0.0745,-0.0059,0.1551,0.1000
5way_auc,dinov3_vitb16,ft-frozen,cls,dinov3_vitl16,ft-frozen,gap,0.9090,0.8540,0.0550,-0.0081,0.1150,0.1000
5way_auc,cinema_pretrained,logreg,cls,sam_vit_huge,logreg,gap,0.8935,0.8200,0.0735,-0.0187,0.1668,0.1000
5way_auc,dinov3_vitb16,logreg,cls,dinov3_vits16,ft-full,cls,0.9020,0.8125,0.0895,-0.0117,0.1806,0.1000
5way_auc,dinov3_vitb16,logreg,gap,dinov3_vitl16,ft-frozen,gap,0.9105,0.8540,0.0565,-0.0088,0.1164,0.1100
5way_auc,dinov3_vitb16,ft-full,gap,dinov3_vitl16,logreg,gap,0.7690,0.8500,-0.0810,-0.1672,0.0130,0.1100
5way_auc,cinema_pretrained,logreg,gap,sam_vit_large,ft-frozen,gap,0.9055,0.8405,0.0650,-0.0135,0.1403,0.1100
5way_auc,dinov3_vit7b16,ft-frozen,cls,dinov3_vit7b16,logreg,cls,0.8148,0.8570,-0.0422,-0.1005,0.0104,0.1100
5way_auc,cinema_pretrained,ft-frozen,gap,dinov3_vits16,ft-frozen,cls,0.9000,0.8420,0.0580,-0.0103,0.1347,0.1100
5way_auc,dinov3_vitb16,ft-frozen,gap,dinov3_vitl16,ft-frozen,gap,0.9080,0.8540,0.0540,-0.0113,0.1173,0.1200
5way_auc,dinov3_vitb16,ft-full,gap,dinov3_vitl16,ft-frozen,gap,0.7690,0.8540,-0.0850,-0.1675,0.0179,0.1200
5way_auc,sam_vit_base,ft-frozen,gap,sam_vit_huge,logreg,gap,0.8605,0.8200,0.0405,-0.0095,0.0919,0.1200
5way_auc,cinema_pretrained,logreg,cls,sam_vit_huge,ft-frozen,gap,0.8935,0.8195,0.0740,-0.0156,0.1586,0.1200
5way_auc,cinema_pretrained,ft-frozen,cls,dinov3_vits16,logreg,cls,0.8840,0.8275,0.0565,-0.0210,0.1353,0.1200
5way_auc,dinov3_vits16,ft-frozen,cls,sam_vit_base,ft-full,gap,0.8420,0.7580,0.0840,-0.0198,0.1652,0.1200
5way_auc,dinov3_vit7b16,logreg,cls,dinov3_vitb16,ft-full,gap,0.8570,0.7690,0.0880,-0.0163,0.1719,0.1200
5way_auc,dinov3_vitb16,logreg,cls,dinov3_vitl16,logreg,gap,0.9020,0.8500,0.0520,-0.0092,0.1123,0.1300
5way_auc,cinema_pretrained,ft-frozen,cls,dinov3_vits16,logreg,gap,0.8840,0.8280,0.0560,-0.0167,0.1221,0.1300
5way_auc,dinov3_vitb16,logreg,cls,sam_vit_large,ft-frozen,gap,0.9020,0.8405,0.0615,-0.0127,0.1424,0.1300
5way_auc,cinema_pretrained,ft-frozen,cls,sam_vit_huge,logreg,gap,0.8840,0.8200,0.0640,-0.0312,0.1621,0.1300
5way_auc,sam_vit_base,logreg,gap,sam_vit_large,logreg,gap,0.8605,0.8255,0.0350,-0.0077,0.0865,0.1400
5way_auc,cinema_pretrained,ft-full,cls,dinov3_vit7b16,ft-frozen,cls,0.8982,0.8148,0.0835,-0.0288,0.1833,0.1400
5way_auc,dinov3_vitb16,ft-frozen,cls,dinov3_vitl16,ft-frozen,cls,0.9090,0.8615,0.0475,-0.0091,0.1075,0.1400
5way_auc,dinov3_vit7b16,logreg,cls,dinov3_vitb16,logreg,gap,0.8570,0.9105,-0.0535,-0.1160,0.0116,0.1400
5way_auc,cinema_pretrained,ft-full,cls,sam_vit_huge,ft-frozen,gap,0.8982,0.8195,0.0787,-0.0187,0.1748,0.1400
5way_auc,cinema_pretrained,logreg,cls,dinov3_vits16,ft-frozen,gap,0.8935,0.8360,0.0575,-0.0200,0.1328,0.1400
5way_auc,cinema_pretrained,ft-full,cls,sam_vit_huge,logreg,gap,0.8982,0.8200,0.0782,-0.0267,0.1878,0.1400
5way_auc,sam_vit_base,ft-frozen,gap,sam_vit_large,logreg,gap,0.8605,0.8255,0.0350,-0.0109,0.0859,0.1400
5way_auc,cinema_pretrained,ft-full,cls,dinov3_vits16,ft-full,cls,0.8982,0.8125,0.0857,-0.0254,0.1791,0.1500
5way_auc,sam_vit_large,ft-frozen,gap,sam_vit_large,logreg,gap,0.8405,0.8255,0.0150,-0.0028,0.0335,0.1500
5way_auc,dinov3_vitb16,logreg,cls,dinov3_vitl16,ft-frozen,gap,0.9020,0.8540,0.0480,-0.0135,0.1097,0.1500
5way_auc,cinema_pretrained,ft-frozen,gap,sam_vit_large,ft-frozen,gap,0.9000,0.8405,0.0595,-0.0207,0.1332,0.1500
5way_auc,cinema_pretrained,ft-frozen,cls,sam_vit_huge,ft-frozen,gap,0.8840,0.8195,0.0645,-0.0271,0.1523,0.1500
5way_auc,dinov3_vitb16,logreg,gap,dinov3_vitl16,ft-frozen,cls,0.9105,0.8615,0.0490,-0.0133,0.1112,0.1600
5way_auc,cinema_pretrained,ft-full,cls,sam_vit_large,logreg,gap,0.8982,0.8255,0.0727,-0.0365,0.1752,0.1600
5way_auc,cinema_pretrained,ft-full,cls,dinov3_vits16,logreg,gap,0.8982,0.8280,0.0702,-0.0327,0.1653,0.1600
5way_auc,cinema_pretrained,logreg,cls,sam_vit_large,logreg,gap,0.8935,0.8255,0.0680,-0.0240,0.1577,0.1600
5way_auc,cinema_pretrained,ft-full,cls,dinov3_vits16,ft-frozen,gap,0.8982,0.8360,0.0622,-0.0308,0.1549,0.1700
5way_auc,cinema_pretrained,logreg,gap,dinov3_vitl16,ft-frozen,gap,0.9055,0.8540,0.0515,-0.0160,0.1162,0.1700
5way_auc,cinema_pretrained,ft-full,cls,dinov3_vits16,logreg,cls,0.8982,0.8275,0.0707,-0.0330,0.1649,0.1700
5way_auc,dinov3_vitb16,ft-full,cls,dinov3_vitb16,ft-full,gap,0.6890,0.7690,-0.0800,-0.1942,0.0240,0.1700
5way_auc,cinema_pretrained,ft-frozen,cls,dinov3_vits16,ft-frozen,gap,0.8840,0.8360,0.0480,-0.0287,0.1186,0.1700
5way_auc,dinov3_vit7b16,ft-frozen,gap,dinov3_vitb16,logreg,gap,0.8477,0.9105,-0.0628,-0.1290,0.0086,0.1700
5way_auc,dinov3_vits16,ft-full,cls,sam_vit_base,ft-full,gap,0.8125,0.7580,0.0545,-0.0152,0.1343,0.1700
5way_auc,dinov3_vits16,ft-frozen,gap,dinov3_vits16,logreg,gap,0.8360,0.8280,0.0080,-0.0038,0.0227,0.1700
5way_auc,dinov3_vits16,ft-frozen,gap,sam_vit_base,ft-full,gap,0.8360,0.7580,0.0780,-0.0260,0.1615,0.1700
5way_auc,dinov3_vit7b16,ft-frozen,gap,dinov3_vitb16,ft-frozen,gap,0.8477,0.9080,-0.0603,-0.1270,0.0127,0.1700
5way_auc,cinema_pretrained,ft-frozen,cls,dinov3_vits16,ft-full,cls,0.8840,0.8125,0.0715,-0.0264,0.1584,0.1700
5way_auc,dinov3_vit7b16,logreg,cls,dinov3_vitb16,ft-frozen,gap,0.8570,0.9080,-0.0510,-0.1178,0.0188,0.1700
5way_auc,dinov3_vitb16,ft-frozen,gap,sam_vit_base,ft-frozen,gap,0.9080,0.8605,0.0475,-0.0185,0.1180,0.1800
5way_auc,sam_vit_base,ft-full,gap,sam_vit_large,logreg,gap,0.7580,0.8255,-0.0675,-0.1409,0.0279,0.1800
5way_auc,dinov3_vitb16,ft-frozen,gap,sam_vit_base,logreg,gap,0.9080,0.8605,0.0475,-0.0171,0.1137,0.1900
5way_auc,dinov3_vits16,logreg,cls,sam_vit_base,ft-full,gap,0.8275,0.7580,0.0695,-0.0413,0.1493,0.1900
5way_auc,dinov3_vitb16,logreg,cls,dinov3_vitl16,ft-frozen,cls,0.9020,0.8615,0.0405,-0.0152,0.1004,0.1900
5way_auc,cinema_pretrained,logreg,gap,dinov3_vitl16,logreg,gap,0.9055,0.8500,0.0555,-0.0237,0.1199,0.1900
5way_auc,dinov3_vitl16,logreg,cls,sam_vit_huge,ft-frozen,gap,0.8675,0.8195,0.0480,-0.0223,0.1133,0.1900
5way_auc,dinov3_vitl16,logreg,cls,sam_vit_huge,logreg,gap,0.8675,0.8200,0.0475,-0.0264,0.1240,0.1900
5way_auc,dinov3_vitb16,logreg,gap,sam_vit_base,logreg,gap,0.9105,0.8605,0.0500,-0.0184,0.1183,0.1900
5way_auc,dinov3_vit7b16,logreg,cls,dinov3_vitb16,ft-frozen,cls,0.8570,0.9090,-0.0520,-0.1165,0.0223,0.1900
5way_auc,dinov3_vitb16,logreg,gap,dinov3_vitl16,logreg,cls,0.9105,0.8675,0.0430,-0.0158,0.1082,0.2000
5way_auc,cinema_pretrained,logreg,cls,dinov3_vits16,ft-frozen,cls,0.8935,0.8420,0.0515,-0.0224,0.1324,0.2000
5way_auc,dinov3_vit7b16,logreg,gap,sam_vit_huge,logreg,gap,0.8675,0.8200,0.0475,-0.0320,0.1295,0.2000
5way_auc,dinov3_vit7b16,logreg,gap,sam_vit_huge,ft-frozen,gap,0.8675,0.8195,0.0480,-0.0358,0.1247,0.2000
5way_auc,dinov3_vitb16,logreg,gap,sam_vit_base,ft-frozen,gap,0.9105,0.8605,0.0500,-0.0201,0.1236,0.2000
5way_auc,dinov3_vit7b16,ft-frozen,cls,dinov3_vitl16,logreg,cls,0.8148,0.8675,-0.0527,-0.1199,0.0245,0.2100
5way_auc,dinov3_vitl16,logreg,cls,dinov3_vits16,ft-full,cls,0.8675,0.8125,0.0550,-0.0159,0.1346,0.2100
5way_auc,sam_vit_base,ft-full,gap,sam_vit_huge,ft-frozen,gap,0.7580,0.8195,-0.0615,-0.1377,0.0267,0.2100
5way_auc,dinov3_vitb16,ft-frozen,cls,dinov3_vitb16,logreg,cls,0.9090,0.9020,0.0070,-0.0033,0.0172,0.2100
5way_auc,dinov3_vits16,logreg,gap,sam_vit_base,ft-full,gap,0.8280,0.7580,0.0700,-0.0396,0.1542,0.2100
5way_auc,cinema_pretrained,logreg,gap,dinov3_vitl16,ft-frozen,cls,0.9055,0.8615,0.0440,-0.0184,0.1070,0.2100
5way_auc,dinov3_vit7b16,ft-frozen,cls,dinov3_vitl16,ft-frozen,cls,0.8148,0.8615,-0.0468,-0.1195,0.0321,0.2100
5way_auc,dinov3_vit7b16,logreg,gap,dinov3_vitb16,logreg,gap,0.8675,0.9105,-0.0430,-0.0988,0.0187,0.2200
5way_auc,sam_vit_base,ft-full,gap,sam_vit_huge,logreg,gap,0.7580,0.8200,-0.0620,-0.1376,0.0210,0.2200
5way_auc,cinema_pretrained,ft-full,cls,dinov3_vits16,ft-frozen,cls,0.8982,0.8420,0.0562,-0.0495,0.1492,0.2300
5way_auc,dinov3_vitb16,ft-full,gap,sam_vit_large,ft-frozen,gap,0.7690,0.8405,-0.0715,-0.1758,0.0472,0.2300
5way_auc,dinov3_vit7b16,logreg,cls,dinov3_vitb16,logreg,cls,0.8570,0.9020,-0.0450,-0.1088,0.0255,0.2300
5way_auc,dinov3_vitb16,ft-frozen,cls,dinov3_vitl16,logreg,cls,0.9090,0.8675,0.0415,-0.0203,0.1041,0.2300
5way_auc,dinov3_vit7b16,logreg,gap,dinov3_vits16,ft-full,cls,0.8675,0.8125,0.0550,-0.0220,0.1432,0.2300
5way_auc,dinov3_vitb16,ft-frozen,gap,dinov3_vitl16,logreg,cls,0.9080,0.8675,0.0405,-0.0167,0.1069,0.2300
5way_auc,dinov3_vitl16,logreg,cls,dinov3_vits16,logreg,gap,0.8675,0.8280,0.0395,-0.0411,0.1078,0.2300
5way_auc,cinema_pretrained,ft-frozen,gap,dinov3_vitl16,logreg,gap,0.9000,0.8500,0.0500,-0.0312,0.1204,0.2300
5way_auc,dinov3_vitb16,ft-frozen,gap,dinov3_vitl16,ft-frozen,cls,0.9080,0.8615,0.0465,-0.0164,0.1098,0.2300
5way_auc,dinov3_vitl16,logreg,cls,dinov3_vitl16,logreg,gap,0.8675,0.8500,0.0175,-0.0084,0.0448,0.2300
5way_auc,cinema_pretrained,ft-frozen,cls,dinov3_vits16,ft-frozen,cls,0.8840,0.8420,0.0420,-0.0360,0.1151,0.2400
5way_auc,dinov3_vitl16,logreg,cls,dinov3_vits16,logreg,cls,0.8675,0.8275,0.0400,-0.0347,0.1071,0.2400
5way_auc,cinema_pretrained,ft-full,gap,dinov3_vitb16,ft-full,cls,0.6232,0.6890,-0.0657,-0.1722,0.0421,0.2400
5way_auc,dinov3_vit7b16,logreg,gap,sam_vit_large,logreg,gap,0.8675,0.8255,0.0420,-0.0382,0.1252,0.2400
5way_auc,cinema_pretrained,ft-frozen,cls,cinema_pretrained,logreg,cls,0.8840,0.8935,-0.0095,-0.0259,0.0067,0.2400
5way_auc,cinema_pretrained,ft-frozen,cls,sam_vit_large,logreg,gap,0.8840,0.8255,0.0585,-0.0310,0.1467,0.2500
5way_auc,cinema_pretrained,logreg,cls,dinov3_vitl16,ft-frozen,gap,0.8935,0.8540,0.0395,-0.0410,0.1163,0.2500
5way_auc,dinov3_vitb16,ft-frozen,cls,sam_vit_base,ft-frozen,gap,0.9090,0.8605,0.0485,-0.0256,0.1218,0.2500
5way_auc,dinov3_vitl16,ft-frozen,cls,sam_vit_huge,logreg,gap,0.8615,0.8200,0.0415,-0.0359,0.1252,0.2500
5way_auc,dinov3_vit7b16,logreg,gap,dinov3_vits16,logreg,gap,0.8675,0.8280,0.0395,-0.0264,0.1253,0.2500
5way_auc,dinov3_vit7b16,logreg,gap,dinov3_vits16,logreg,cls,0.8675,0.8275,0.0400,-0.0240,0.1323,0.2500
5way_auc,dinov3_vitb16,ft-full,gap,dinov3_vits16,ft-frozen,cls,0.7690,0.8420,-0.0730,-0.1648,0.0476,0.2500
5way_auc,dinov3_vit7b16,logreg,gap,dinov3_vitb16,ft-frozen,gap,0.8675,0.9080,-0.0405,-0.0997,0.0239,0.2600
5way_auc,cinema_pretrained,logreg,cls,dinov3_vitl16,logreg,gap,0.8935,0.8500,0.0435,-0.0337,0.1282,0.2600
5way_auc,dinov3_vit7b16,ft-frozen,gap,dinov3_vitb16,ft-frozen,cls,0.8477,0.9090,-0.0613,-0.1417,0.0343,0.2600
5way_auc,cinema_pretrained,logreg,gap,dinov3_vit7b16,logreg,cls,0.9055,0.8570,0.0485,-0.0236,0.1130,0.2600
5way_auc,cinema_pretrained,ft-frozen,gap,dinov3_vitl16,ft-frozen,gap,0.9000,0.8540,0.0460,-0.0224,0.1129,0.2600
5way_auc,dinov3_vitb16,ft-frozen,cls,sam_vit_base,logreg,gap,0.9090,0.8605,0.0485,-0.0251,0.1120,0.2600
5way_auc,dinov3_vitb16,ft-full,cls,sam_vit_base,ft-full,gap,0.6890,0.7580,-0.0690,-0.1702,0.0417,0.2700
5way_auc,cinema_pretrained,logreg,gap,dinov3_vit7b16,ft-frozen,gap,0.9055,0.8477,0.0578,-0.0353,0.1318,0.2700
5way_auc,cinema_pretrained,logreg,cls,sam_vit_large,ft-frozen,gap,0.8935,0.8405,0.0530,-0.0383,0.1391,0.2800
5way_auc,cinema_pretrained,logreg,gap,sam_vit_base,logreg,gap,0.9055,0.8605,0.0450,-0.0354,0.1291,0.2800
5way_auc,dinov3_vitb16,ft-full,gap,dinov3_vits16,ft-full,cls,0.7690,0.8125,-0.0435,-0.1313,0.0372,0.2800
5way_auc,dinov3_vitl16,logreg,cls,sam_vit_large,logreg,gap,0.8675,0.8255,0.0420,-0.0262,0.1195,0.2900
5way_auc,dinov3_vitl16,ft-frozen,cls,sam_vit_huge,ft-frozen,gap,0.8615,0.8195,0.0420,-0.0353,0.1150,0.2900
5way_auc,cinema_pretrained,logreg,gap,sam_vit_base,ft-frozen,gap,0.9055,0.8605,0.0450,-0.0350,0.1241,0.2900
5way_auc,dinov3_vitl16,ft-frozen,cls,dinov3_vits16,ft-full,cls,0.8615,0.8125,0.0490,-0.0361,0.1296,0.2900
5way_auc,dinov3_vitb16,ft-full,gap,dinov3_vits16,ft-frozen,gap,0.7690,0.8360,-0.0670,-0.1630,0.0479,0.2900
5way_auc,dinov3_vit7b16,ft-frozen,gap,dinov3_vitb16,logreg,cls,0.8477,0.9020,-0.0543,-0.1315,0.0329,0.3000
5way_auc,dinov3_vit7b16,ft-frozen,cls,dinov3_vitl16,ft-frozen,gap,0.8148,0.8540,-0.0392,-0.1080,0.0280,0.3000
5way_auc,cinema_pretrained,ft-full,cls,dinov3_vitl16,logreg,gap,0.8982,0.8500,0.0482,-0.0494,0.1434,0.3000
5way_auc,cinema_pretrained,ft-full,cls,sam_vit_large,ft-frozen,gap,0.8982,0.8405,0.0577,-0.0386,0.1668,0.3100
5way_auc,dinov3_vit7b16,ft-frozen,cls,sam_vit_base,ft-full,gap,0.8148,0.7580,0.0568,-0.0476,0.1545,0.3100
5way_auc,dinov3_vit7b16,logreg,cls,sam_vit_huge,ft-frozen,gap,0.8570,0.8195,0.0375,-0.0359,0.1112,0.3100
5way_auc,sam_vit_base,ft-frozen,gap,sam_vit_large,ft-frozen,gap,0.8605,0.8405,0.0200,-0.0189,0.0703,0.3200
5way_auc,dinov3_vit7b16,ft-frozen,gap,dinov3_vit7b16,logreg,gap,0.8477,0.8675,-0.0198,-0.0533,0.0269,0.3200
5way_auc,cinema_pretrained,logreg,cls,dinov3_vitl16,ft-frozen,cls,0.8935,0.8615,0.0320,-0.0373,0.1106,0.3200
5way_auc,dinov3_vit7b16,logreg,gap,dinov3_vitb16,ft-frozen,cls,0.8675,0.9090,-0.0415,-0.1077,0.0383,0.3200
5way_auc,cinema_pretrained,logreg,gap,dinov3_vitl16,logreg,cls,0.9055,0.8675,0.0380,-0.0386,0.1047,0.3200
5way_auc,dinov3_vitb16,logreg,cls,sam_vit_base,ft-frozen,gap,0.9020,0.8605,0.0415,-0.0327,0.1126,0.3200
5way_auc,dinov3_vitb16,logreg,cls,dinov3_vitl16,logreg,cls,0.9020,0.8675,0.0345,-0.0259,0.0934,0.3300
5way_auc,dinov3_vitl16,logreg,cls,dinov3_vits16,ft-frozen,gap,0.8675,0.8360,0.0315,-0.0382,0.0961,0.3300
5way_auc,dinov3_vit7b16,logreg,cls,dinov3_vits16,logreg,cls,0.8570,0.8275,0.0295,-0.0319,0.1042,0.3300
5way_auc,dinov3_vitb16,logreg,cls,sam_vit_base,logreg,gap,0.9020,0.8605,0.0415,-0.0262,0.1039,0.3300
5way_auc,cinema_pretrained,ft-frozen,cls,sam_vit_large,ft-frozen,gap,0.8840,0.8405,0.0435,-0.0431,0.1331,0.3400
5way_auc,dinov3_vit7b16,ft-frozen,cls,dinov3_vitb16,ft-full,gap,0.8148,0.7690,0.0457,-0.0689,0.1460,0.3400
5way_auc,cinema_pretrained,ft-frozen,gap,dinov3_vit7b16,ft-frozen,gap,0.9000,0.8477,0.0523,-0.0365,0.1294,0.3400
5way_auc,dinov3_vit7b16,ft-frozen,cls,dinov3_vit7b16,ft-frozen,gap,0.8148,0.8477,-0.0330,-0.1148,0.0298,0.3400
5way_auc,cinema_pretrained,ft-frozen,gap,dinov3_vit7b16,logreg,cls,0.9000,0.8570,0.0430,-0.0329,0.1109,0.3400
5way_auc,cinema_pretrained,ft-frozen,gap,dinov3_vitl16,ft-frozen,cls,0.9000,0.8615,0.0385,-0.0294,0.1070,0.3400
5way_auc,dinov3_vitl16,ft-frozen,cls,dinov3_vits16,logreg,cls,0.8615,0.8275,0.0340,-0.0343,0.1044,0.3400
5way_auc,cinema_pretrained,ft-full,cls,dinov3_vitl16,ft-frozen,gap,0.8982,0.8540,0.0442,-0.0471,0.1341,0.3500
5way_auc,dinov3_vitb16,ft-full,gap,dinov3_vits16,logreg,gap,0.7690,0.8280,-0.0590,-0.1563,0.0683,0.3500
5way_auc,dinov3_vit7b16,ft-frozen,cls,sam_vit_base,ft-frozen,gap,0.8148,0.8605,-0.0457,-0.1328,0.0361,0.3500
5way_auc,cinema_pretrained,logreg,cls,dinov3_vit7b16,logreg,cls,0.8935,0.8570,0.0365,-0.0341,0.1050,0.3500
5way_auc,cinema_pretrained,ft-full,cls,dinov3_vit7b16,ft-frozen,gap,0.8982,0.8477,0.0505,-0.0585,0.1398,0.3600
5way_auc,cinema_pretrained,ft-frozen,gap,sam_vit_base,logreg,gap,0.9000,0.8605,0.0395,-0.0390,0.1236,0.3600
5way_auc,dinov3_vitb16,ft-full,cls,dinov3_vits16,ft-full,gap,0.6890,0.6385,0.0505,-0.0578,0.1518,0.3600
5way_auc,dinov3_vitb16,ft-full,gap,dinov3_vits16,logreg,cls,0.7690,0.8275,-0.0585,-0.1583,0.0684,0.3600
5way_auc,dinov3_vitl16,ft-frozen,cls,dinov3_vits16,logreg,gap,0.8615,0.8280,0.0335,-0.0434,0.0997,0.3600
5way_auc,sam_vit_base,logreg,gap,sam_vit_large,ft-frozen,gap,0.8605,0.8405,0.0200,-0.0193,0.0682,0.3600
5way_auc,dinov3_vit7b16,ft-frozen,cls,sam_vit_base,logreg,gap,0.8148,0.8605,-0.0457,-0.1402,0.0421,0.3600
5way_auc,dinov3_vitl16,ft-frozen,gap,sam_vit_huge,logreg,gap,0.8540,0.8200,0.0340,-0.0338,0.1177,0.3600
5way_auc,dinov3_vit7b16,logreg,cls,sam_vit_huge,logreg,gap,0.8570,0.8200,0.0370,-0.0385,0.1214,0.3600
5way_auc,dinov3_vitl16,logreg,gap,sam_vit_huge,logreg,gap,0.8500,0.8200,0.0300,-0.0448,0.1134,0.3700
5way_auc,dinov3_vit7b16,logreg,gap,dinov3_vits16,ft-frozen,gap,0.8675,0.8360,0.0315,-0.0343,0.1142,0.3700
5way_auc,cinema_pretrained,logreg,gap,dinov3_vit7b16,logreg,gap,0.9055,0.8675,0.0380,-0.0339,0.0999,0.3700
5way_auc,cinema_pretrained,ft-frozen,cls,dinov3_vitl16,logreg,gap,0.8840,0.8500,0.0340,-0.0465,0.1218,0.3700
5way_auc,dinov3_vit7b16,ft-frozen,gap,sam_vit_huge,logreg,gap,0.8477,0.8200,0.0277,-0.0740,0.1243,0.3700
5way_auc,cinema_pretrained,ft-frozen,cls,dinov3_vitl16,ft-frozen,gap,0.8840,0.8540,0.0300,-0.0470,0.1007,0.3700
5way_auc,dinov3_vitb16,ft-full,gap,sam_vit_large,logreg,gap,0.7690,0.8255,-0.0565,-0.1621,0.0635,0.3800
5way_auc,cinema_pretrained,ft-frozen,cls,cinema_pretrained,logreg,gap,0.8840,0.9055,-0.0215,-0.0675,0.0203,0.3800
5way_auc,dinov3_vitl16,logreg,gap,dinov3_vits16,ft-full,cls,0.8500,0.8125,0.0375,-0.0414,0.1195,0.3800
5way_auc,dinov3_vit7b16,ft-frozen,gap,dinov3_vits16,ft-full,cls,0.8477,0.8125,0.0352,-0.0462,0.1251,0.3800
5way_auc,dinov3_vits16,logreg,gap,sam_vit_base,ft-frozen,gap,0.8280,0.8605,-0.0325,-0.1242,0.0370,0.3900
5way_auc,cinema_pretrained,ft-frozen,gap,sam_vit_base,ft-frozen,gap,0.9000,0.8605,0.0395,-0.0356,0.1263,0.3900
5way_auc,dinov3_vit7b16,logreg,gap,sam_vit_large,ft-frozen,gap,0.8675,0.8405,0.0270,-0.0479,0.1054,0.3900
5way_auc,cinema_pretrained,ft-full,cls,dinov3_vit7b16,logreg,cls,0.8982,0.8570,0.0412,-0.0595,0.1249,0.3900
5way_auc,dinov3_vits16,ft-frozen,cls,dinov3_vits16,logreg,gap,0.8420,0.8280,0.0140,-0.0190,0.0451,0.4000
5way_auc,dinov3_vits16,logreg,cls,sam_vit_base,logreg,gap,0.8275,0.8605,-0.0330,-0.1154,0.0406,0.4000
5way_auc,dinov3_vit7b16,logreg,cls,dinov3_vits16,logreg,gap,0.8570,0.8280,0.0290,-0.0383,0.1037,0.4000
5way_auc,cinema_pretrained,logreg,cls,dinov3_vit7b16,ft-frozen,gap,0.8935,0.8477,0.0458,-0.0412,0.1169,0.4000
5way_auc,dinov3_vits16,ft-full,cls,sam_vit_base,ft-frozen,gap,0.8125,0.8605,-0.0480,-0.1355,0.0463,0.4000
5way_auc,dinov3_vitl16,ft-frozen,gap,sam_vit_huge,ft-frozen,gap,0.8540,0.8195,0.0345,-0.0313,0.1016,0.4000
5way_auc,dinov3_vit7b16,logreg,gap,dinov3_vitb16,logreg,cls,0.8675,0.9020,-0.0345,-0.0959,0.0414,0.4000
5way_auc,dinov3_vits16,logreg,cls,sam_vit_base,ft-frozen,gap,0.8275,0.8605,-0.0330,-0.1145,0.0402,0.4100
5way_auc,cinema_pretrained,ft-frozen,gap,dinov3_vitl16,logreg,cls,0.9000,0.8675,0.0325,-0.0461,0.1023,0.4100
5way_auc,dinov3_vit7b16,ft-frozen,gap,sam_vit_huge,ft-frozen,gap,0.8477,0.8195,0.0282,-0.0842,0.1167,0.4100
5way_auc,cinema_pretrained,ft-frozen,gap,cinema_pretrained,logreg,gap,0.9000,0.9055,-0.0055,-0.0212,0.0076,0.4100
5way_auc,dinov3_vitl16,logreg,cls,dinov3_vits16,ft-frozen,cls,0.8675,0.8420,0.0255,-0.0457,0.0913,0.4100
5way_auc,dinov3_vits16,ft-full,cls,sam_vit_base,logreg,gap,0.8125,0.8605,-0.0480,-0.1370,0.0451,0.4100
5way_auc,dinov3_vit7b16,logreg,cls,dinov3_vits16,ft-full,cls,0.8570,0.8125,0.0445,-0.0498,0.1380,0.4100
5way_auc,dinov3_vitb16,ft-full,gap,sam_vit_huge,ft-frozen,gap,0.7690,0.8195,-0.0505,-0.1598,0.0814,0.4100
5way_auc,dinov3_vitl16,logreg,gap,sam_vit_huge,ft-frozen,gap,0.8500,0.8195,0.0305,-0.0411,0.1026,0.4200
5way_auc,dinov3_vitl16,ft-frozen,gap,dinov3_vits16,ft-full,cls,0.8540,0.8125,0.0415,-0.0495,0.1268,0.4200
5way_auc,dinov3_vitl16,ft-frozen,cls,sam_vit_large,logreg,gap,0.8615,0.8255,0.0360,-0.0492,0.1188,0.4400
5way_auc,dinov3_vit7b16,logreg,cls,dinov3_vit7b16,logreg,gap,0.8570,0.8675,-0.0105,-0.0538,0.0281,0.4400
5way_auc,sam_vit_huge,ft-frozen,gap,sam_vit_large,ft-frozen,gap,0.8195,0.8405,-0.0210,-0.0725,0.0222,0.4400
5way_auc,cinema_pretrained,ft-full,cls,sam_vit_base,logreg,gap,0.8982,0.8605,0.0377,-0.0626,0.1309,0.4400
5way_auc,cinema_pretrained,ft-frozen,gap,dinov3_vit7b16,logreg,gap,0.9000,0.8675,0.0325,-0.0496,0.0989,0.4400
5way_auc,cinema_pretrained,ft-full,cls,dinov3_vitl16,ft-frozen,cls,0.8982,0.8615,0.0367,-0.0586,0.1317,0.4400
5way_auc,dinov3_vits16,logreg,gap,sam_vit_base,logreg,gap,0.8280,0.8605,-0.0325,-0.1156,0.0426,0.4500
5way_auc,cinema_pretrained,ft-frozen,cls,dinov3_vitb16,logreg,gap,0.8840,0.9105,-0.0265,-0.0864,0.0366,0.4500
5way_auc,dinov3_vit7b16,ft-frozen,cls,dinov3_vitl16,logreg,gap,0.8148,0.8500,-0.0352,-0.1039,0.0437,0.4500
5way_auc,cinema_pretrained,logreg,cls,sam_vit_base,ft-frozen,gap,0.8935,0.8605,0.0330,-0.0476,0.1268,0.4600
5way_auc,cinema_pretrained,ft-full,cls,sam_vit_base,ft-frozen,gap,0.8982,0.8605,0.0377,-0.0682,0.1275,0.4600
5way_auc,dinov3_vitl16,ft-frozen,gap,sam_vit_large,logreg,gap,0.8540,0.8255,0.0285,-0.0504,0.1126,0.4600
5way_auc,dinov3_vitb16,ft-full,gap,sam_vit_huge,logreg,gap,0.7690,0.8200,-0.0510,-0.1607,0.0835,0.4600
5way_auc,cinema_pretrained,ft-frozen,cls,dinov3_vitb16,ft-frozen,gap,0.8840,0.9080,-0.0240,-0.0815,0.0416,0.4600
5way_auc,dinov3_vit7b16,logreg,gap,dinov3_vits16,ft-frozen,cls,0.8675,0.8420,0.0255,-0.0354,0.1121,0.4700
5way_auc,dinov3_vitl16,ft-frozen,gap,dinov3_vits16,logreg,gap,0.8540,0.8280,0.0260,-0.0459,0.0967,0.4700
5way_auc,dinov3_vitl16,ft-frozen,cls,dinov3_vits16,ft-frozen,gap,0.8615,0.8360,0.0255,-0.0430,0.0924,0.4700
5way_auc,dinov3_vit7b16,logreg,cls,sam_vit_large,logreg,gap,0.8570,0.8255,0.0315,-0.0500,0.1093,0.4700
5way_auc,dinov3_vitl16,ft-frozen,gap,dinov3_vits16,logreg,cls,0.8540,0.8275,0.0265,-0.0402,0.1036,0.4700
5way_auc,dinov3_vit7b16,ft-frozen,gap,sam_vit_large,logreg,gap,0.8477,0.8255,0.0222,-0.0782,0.1156,0.4800
5way_auc,cinema_pretrained,ft-frozen,cls,dinov3_vit7b16,ft-frozen,gap,0.8840,0.8477,0.0363,-0.0592,0.1172,0.4800
5way_auc,cinema_pretrained,ft-frozen,cls,dinov3_vit7b16,logreg,cls,0.8840,0.8570,0.0270,-0.0473,0.1003,0.4800
5way_auc,cinema_pretrained,logreg,cls,dinov3_vitl16,logreg,cls,0.8935,0.8675,0.0260,-0.0509,0.1209,0.4900
5way_auc,sam_vit_huge,logreg,gap,sam_vit_large,ft-frozen,gap,0.8200,0.8405,-0.0205,-0.0741,0.0268,0.4900
5way_auc,dinov3_vits16,ft-frozen,gap,sam_vit_base,ft-frozen,gap,0.8360,0.8605,-0.0245,-0.1117,0.0487,0.4900
5way_auc,dinov3_vitl16,logreg,gap,dinov3_vits16,logreg,gap,0.8500,0.8280,0.0220,-0.0545,0.1000,0.4900
5way_auc,dinov3_vitl16,ft-frozen,gap,dinov3_vitl16,logreg,cls,0.8540,0.8675,-0.0135,-0.0525,0.0238,0.5000
5way_auc,dinov3_vit7b16,logreg,cls,dinov3_vits16,ft-frozen,gap,0.8570,0.8360,0.0210,-0.0416,0.0972,0.5000
5way_auc,cinema_pretrained,logreg,cls,sam_vit_base,logreg,gap,0.8935,0.8605,0.0330,-0.0546,0.1250,0.5000
5way_auc,dinov3_vit7b16,logreg,gap,dinov3_vitl16,ft-frozen,gap,0.8675,0.8540,0.0135,-0.0316,0.0711,0.5000
5way_auc,dinov3_vitl16,logreg,cls,sam_vit_large,ft-frozen,gap,0.8675,0.8405,0.0270,-0.0379,0.0966,0.5000
5way_auc,dinov3_vitl16,logreg,gap,dinov3_vits16,logreg,cls,0.8500,0.8275,0.0225,-0.0541,0.1048,0.5100
5way_auc,cinema_pretrained,ft-frozen,cls,dinov3_vitl16,ft-frozen,cls,0.8840,0.8615,0.0225,-0.0540,0.1028,0.5200
5way_auc,dinov3_vitb16,logreg,cls,dinov3_vitb16,logreg,gap,0.9020,0.9105,-0.0085,-0.0372,0.0171,0.5200
5way_auc,dinov3_vit7b16,ft-frozen,gap,dinov3_vits16,logreg,cls,0.8477,0.8275,0.0202,-0.0503,0.1222,0.5300
5way_auc,cinema_pretrained,ft-frozen,cls,dinov3_vitb16,ft-frozen,cls,0.8840,0.9090,-0.0250,-0.0869,0.0274,0.5300
5way_auc,dinov3_vitl16,ft-frozen,cls,dinov3_vits16,ft-frozen,cls,0.8615,0.8420,0.0195,-0.0518,0.0839,0.5400
5way_auc,dinov3_vits16,ft-frozen,gap,sam_vit_base,logreg,gap,0.8360,0.8605,-0.0245,-0.1135,0.0484,0.5400
5way_auc,dinov3_vit7b16,logreg,gap,dinov3_vitl16,logreg,gap,0.8675,0.8500,0.0175,-0.0361,0.0837,0.5400
5way_auc,cinema_pretrained,ft-frozen,cls,cinema_pretrained,ft-frozen,gap,0.8840,0.9000,-0.0160,-0.0541,0.0270,0.5500
5way_auc,cinema_pretrained,logreg,cls,dinov3_vit7b16,logreg,gap,0.8935,0.8675,0.0260,-0.0453,0.0971,0.5500
5way_auc,cinema_pretrained,ft-full,cls,dinov3_vitl16,logreg,cls,0.8982,0.8675,0.0307,-0.0704,0.1318,0.5500
5way_auc,dinov3_vitl16,logreg,gap,sam_vit_large,logreg,gap,0.8500,0.8255,0.0245,-0.0471,0.1083,0.5500
5way_auc,cinema_pretrained,ft-full,cls,dinov3_vit7b16,logreg,gap,0.8982,0.8675,0.0307,-0.0780,0.1215,0.5500
5way_auc,cinema_pretrained,logreg,cls,dinov3_vitb16,logreg,gap,0.8935,0.9105,-0.0170,-0.0782,0.0407,0.5600
5way_auc,dinov3_vitl16,ft-frozen,cls,dinov3_vitl16,ft-frozen,gap,0.8615,0.8540,0.0075,-0.0232,0.0398,0.5600
5way_auc,dinov3_vitl16,ft-frozen,cls,sam_vit_large,ft-frozen,gap,0.8615,0.8405,0.0210,-0.0645,0.1046,0.5600
5way_auc,dinov3_vit7b16,ft-frozen,gap,dinov3_vits16,logreg,gap,0.8477,0.8280,0.0197,-0.0469,0.1158,0.5700
5way_auc,dinov3_vit7b16,ft-frozen,cls,dinov3_vits16,ft-frozen,cls,0.8148,0.8420,-0.0272,-0.1020,0.0618,0.5800
5way_auc,dinov3_vitl16,ft-frozen,gap,dinov3_vits16,ft-frozen,gap,0.8540,0.8360,0.0180,-0.0476,0.0890,0.5900
5way_auc,dinov3_vitl16,ft-frozen,cls,dinov3_vitl16,logreg,gap,0.8615,0.8500,0.0115,-0.0318,0.0562,0.5900
5way_auc,cinema_pretrained,ft-frozen,cls,sam_vit_base,logreg,gap,0.8840,0.8605,0.0235,-0.0679,0.1139,0.6000
5way_auc,dinov3_vitb16,ft-frozen,gap,dinov3_vitb16,logreg,cls,0.9080,0.9020,0.0060,-0.0177,0.0364,0.6000
5way_auc,dinov3_vit7b16,logreg,cls,dinov3_vits16,ft-frozen,cls,0.8570,0.8420,0.0150,-0.0424,0.0920,0.6100
5way_auc,dinov3_vits16,ft-frozen,cls,sam_vit_base,logreg,gap,0.8420,0.8605,-0.0185,-0.1040,0.0569,0.6100
5way_auc,dinov3_vit7b16,logreg,cls,sam_vit_large,ft-frozen,gap,0.8570,0.8405,0.0165,-0.0603,0.0921,0.6200
5way_auc,cinema_pretrained,logreg,cls,cinema_pretrained,logreg,gap,0.8935,0.9055,-0.0120,-0.0507,0.0340,0.6200
5way_auc,cinema_pretrained,logreg,cls,dinov3_vitb16,ft-frozen,gap,0.8935,0.9080,-0.0145,-0.0753,0.0400,0.6200
5way_auc,dinov3_vit7b16,ft-frozen,cls,dinov3_vits16,ft-frozen,gap,0.8148,0.8360,-0.0212,-0.0909,0.0618,0.6200
5way_auc,dinov3_vitb16,ft-frozen,gap,dinov3_vitb16,logreg,gap,0.9080,0.9105,-0.0025,-0.0130,0.0085,0.6300
5way_auc,dinov3_vits16,ft-frozen,gap,dinov3_vits16,logreg,cls,0.8360,0.8275,0.0085,-0.0248,0.0448,0.6400
5way_auc,dinov3_vit7b16,ft-frozen,gap,sam_vit_large,ft-frozen,gap,0.8477,0.8405,0.0072,-0.0911,0.1025,0.6500
5way_auc,dinov3_vits16,ft-frozen,cls,sam_vit_base,ft-frozen,gap,0.8420,0.8605,-0.0185,-0.0968,0.0554,0.6600
5way_auc,dinov3_vits16,ft-frozen,cls,sam_vit_huge,ft-frozen,gap,0.8420,0.8195,0.0225,-0.0636,0.1099,0.6600
5way_auc,dinov3_vits16,ft-frozen,cls,sam_vit_huge,logreg,gap,0.8420,0.8200,0.0220,-0.0591,0.1077,0.6600
5way_auc,cinema_pretrained,ft-frozen,cls,sam_vit_base,ft-frozen,gap,0.8840,0.8605,0.0235,-0.0696,0.1175,0.6600
5way_auc,dinov3_vitl16,logreg,gap,dinov3_vits16,ft-frozen,gap,0.8500,0.8360,0.0140,-0.0586,0.0874,0.6700
5way_auc,dinov3_vit7b16,ft-frozen,gap,dinov3_vits16,ft-frozen,gap,0.8477,0.8360,0.0117,-0.0522,0.1055,0.6800
5way_auc,cinema_pretrained,logreg,cls,dinov3_vitb16,ft-frozen,cls,0.8935,0.9090,-0.0155,-0.0775,0.0396,0.6800
5way_auc,dinov3_vit7b16,ft-frozen,cls,sam_vit_large,ft-frozen,gap,0.8148,0.8405,-0.0257,-0.1176,0.0622,0.6800
5way_auc,dinov3_vit7b16,ft-frozen,gap,dinov3_vitl16,logreg,cls,0.8477,0.8675,-0.0198,-0.0866,0.0617,0.6800
5way_auc,cinema_pretrained,ft-frozen,cls,dinov3_vitl16,logreg,cls,0.8840,0.8675,0.0165,-0.0596,0.1085,0.6900
5way_auc,cinema_pretrained,ft-frozen,gap,dinov3_vitb16,logreg,gap,0.9000,0.9105,-0.0105,-0.0666,0.0479,0.6900
5way_auc,dinov3_vits16,ft-frozen,gap,dinov3_vits16,ft-full,cls,0.8360,0.8125,0.0235,-0.0860,0.1318,0.7000
5way_auc,dinov3_vitl16,ft-frozen,gap,dinov3_vits16,ft-frozen,cls,0.8540,0.8420,0.0120,-0.0548,0.0811,0.7000
5way_auc,dinov3_vit7b16,logreg,gap,sam_vit_base,logreg,gap,0.8675,0.8605,0.0070,-0.0701,0.0929,0.7000
5way_auc,cinema_pretrained,ft-full,gap,dinov3_vits16,ft-full,gap,0.6232,0.6385,-0.0153,-0.1206,0.0834,0.7000
5way_auc,dinov3_vit7b16,logreg,gap,sam_vit_base,ft-frozen,gap,0.8675,0.8605,0.0070,-0.0653,0.0823,0.7000
5way_auc,dinov3_vitl16,ft-frozen,cls,dinov3_vitl16,logreg,cls,0.8615,0.8675,-0.0060,-0.0404,0.0293,0.7000
5way_auc,dinov3_vitb16,ft-full,gap,sam_vit_base,ft-full,gap,0.7690,0.7580,0.0110,-0.1003,0.0986,0.7100
5way_auc,cinema_pretrained,ft-frozen,cls,dinov3_vitb16,logreg,cls,0.8840,0.9020,-0.0180,-0.0789,0.0416,0.7100
5way_auc,dinov3_vits16,ft-frozen,cls,dinov3_vits16,ft-full,cls,0.8420,0.8125,0.0295,-0.0807,0.1218,0.7200
5way_auc,dinov3_vitl16,ft-frozen,gap,sam_vit_large,ft-frozen,gap,0.8540,0.8405,0.0135,-0.0638,0.0894,0.7300
5way_auc,dinov3_vits16,ft-frozen,gap,sam_vit_huge,logreg,gap,0.8360,0.8200,0.0160,-0.0773,0.1028,0.7300
5way_auc,dinov3_vits16,ft-frozen,gap,sam_vit_huge,ft-frozen,gap,0.8360,0.8195,0.0165,-0.0749,0.0953,0.7400
5way_auc,dinov3_vits16,ft-frozen,cls,sam_vit_large,logreg,gap,0.8420,0.8255,0.0165,-0.0750,0.1151,0.7500
5way_auc,dinov3_vit7b16,logreg,gap,dinov3_vitl16,ft-frozen,cls,0.8675,0.8615,0.0060,-0.0427,0.0692,0.7600
5way_auc,cinema_pretrained,ft-frozen,cls,dinov3_vit7b16,logreg,gap,0.8840,0.8675,0.0165,-0.0521,0.0918,0.7600
5way_auc,cinema_pretrained,ft-full,cls,dinov3_vitb16,logreg,gap,0.8982,0.9105,-0.0123,-0.1031,0.0695,0.7600
5way_auc,dinov3_vit7b16,ft-frozen,gap,dinov3_vits16,ft-frozen,cls,0.8477,0.8420,0.0057,-0.0678,0.1079,0.7600
5way_auc,dinov3_vits16,ft-frozen,cls,dinov3_vits16,ft-frozen,gap,0.8420,0.8360,0.0060,-0.0308,0.0365,0.7700
5way_auc,dinov3_vits16,logreg,cls,sam_vit_large,ft-frozen,gap,0.8275,0.8405,-0.0130,-0.1068,0.0802,0.7700
5way_auc,cinema_pretrained,ft-frozen,gap,dinov3_vitb16,ft-frozen,gap,0.9000,0.9080,-0.0080,-0.0642,0.0540,0.7700
5way_auc,dinov3_vit7b16,ft-frozen,cls,dinov3_vits16,logreg,gap,0.8148,0.8280,-0.0132,-0.0848,0.0760,0.7700
5way_auc,cinema_pretrained,ft-frozen,gap,cinema_pretrained,logreg,cls,0.9000,0.8935,0.0065,-0.0378,0.0431,0.7700
5way_auc,dinov3_vit7b16,ft-frozen,gap,dinov3_vitl16,ft-frozen,cls,0.8477,0.8615,-0.0138,-0.0858,0.0619,0.7800
5way_auc,dinov3_vits16,logreg,gap,sam_vit_large,ft-frozen,gap,0.8280,0.8405,-0.0125,-0.0965,0.0701,0.7800
5way_auc,dinov3_vit7b16,logreg,cls,dinov3_vitl16,logreg,cls,0.8570,0.8675,-0.0105,-0.0713,0.0566,0.7800
5way_auc,dinov3_vitl16,logreg,gap,sam_vit_large,ft-frozen,gap,0.8500,0.8405,0.0095,-0.0604,0.0807,0.7800
5way_auc,dinov3_vits16,ft-full,cls,sam_vit_large,ft-frozen,gap,0.8125,0.8405,-0.0280,-0.1182,0.0749,0.7800
5way_auc,dinov3_vitl16,logreg,gap,sam_vit_base,logreg,gap,0.8500,0.8605,-0.0105,-0.0745,0.0645,0.7800
5way_auc,cinema_pretrained,ft-full,cls,dinov3_vitb16,ft-frozen,cls,0.8982,0.9090,-0.0108,-0.1041,0.0686,0.7800
5way_auc,dinov3_vitl16,logreg,gap,sam_vit_base,ft-frozen,gap,0.8500,0.8605,-0.0105,-0.0716,0.0708,0.7900
5way_auc,dinov3_vitl16,logreg,gap,dinov3_vits16,ft-frozen,cls,0.8500,0.8420,0.0080,-0.0660,0.0899,0.8000
5way_auc,cinema_pretrained,logreg,gap,dinov3_vitb16,logreg,cls,0.9055,0.9020,0.0035,-0.0516,0.0591,0.8100
5way_auc,cinema_pretrained,ft-frozen,cls,cinema_pretrained,ft-full,cls,0.8840,0.8982,-0.0142,-0.0974,0.0774,0.8200
5way_auc,dinov3_vitb16,ft-frozen,cls,dinov3_vitb16,logreg,gap,0.9090,0.9105,-0.0015,-0.0304,0.0259,0.8200
5way_auc,cinema_pretrained,ft-full,cls,cinema_pretrained,logreg,gap,0.8982,0.9055,-0.0073,-0.0924,0.0594,0.8200
5way_auc,dinov3_vitl16,logreg,cls,sam_vit_base,logreg,gap,0.8675,0.8605,0.0070,-0.0614,0.0740,0.8200
5way_auc,dinov3_vit7b16,logreg,cls,dinov3_vitl16,logreg,gap,0.8570,0.8500,0.0070,-0.0544,0.0747,0.8300
5way_auc,dinov3_vitl16,logreg,cls,sam_vit_base,ft-frozen,gap,0.8675,0.8605,0.0070,-0.0641,0.0811,0.8300
5way_auc,dinov3_vits16,ft-frozen,gap,sam_vit_large,logreg,gap,0.8360,0.8255,0.0105,-0.0874,0.0963,0.8300
5way_auc,dinov3_vit7b16,ft-frozen,cls,dinov3_vits16,logreg,cls,0.8148,0.8275,-0.0127,-0.0921,0.0753,0.8300
5way_auc,cinema_pretrained,ft-full,cls,dinov3_vitb16,ft-frozen,gap,0.8982,0.9080,-0.0098,-0.0963,0.0620,0.8300
5way_auc,dinov3_vits16,ft-full,cls,dinov3_vits16,logreg,gap,0.8125,0.8280,-0.0155,-0.1242,0.1045,0.8400
5way_auc,dinov3_vits16,ft-full,cls,dinov3_vits16,logreg,cls,0.8125,0.8275,-0.0150,-0.1068,0.0962,0.8500
5way_auc,dinov3_vitl16,ft-frozen,gap,dinov3_vitl16,logreg,gap,0.8540,0.8500,0.0040,-0.0317,0.0375,0.8600
5way_auc,cinema_pretrained,logreg,cls,dinov3_vitb16,logreg,cls,0.8935,0.9020,-0.0085,-0.0700,0.0520,0.8800
5way_auc,dinov3_vit7b16,logreg,cls,dinov3_vitl16,ft-frozen,cls,0.8570,0.8615,-0.0045,-0.0601,0.0639,0.8800
5way_auc,sam_vit_huge,ft-frozen,gap,sam_vit_large,logreg,gap,0.8195,0.8255,-0.0060,-0.0573,0.0460,0.8900
5way_auc,sam_vit_huge,logreg,gap,sam_vit_large,logreg,gap,0.8200,0.8255,-0.0055,-0.0646,0.0525,0.8900
5way_auc,dinov3_vits16,logreg,gap,sam_vit_huge,logreg,gap,0.8280,0.8200,0.0080,-0.0862,0.0986,0.8900
5way_auc,dinov3_vitl16,ft-frozen,gap,sam_vit_base,ft-frozen,gap,0.8540,0.8605,-0.0065,-0.0738,0.0669,0.8900
5way_auc,cinema_pretrained,ft-frozen,gap,dinov3_vitb16,ft-frozen,cls,0.9000,0.9090,-0.0090,-0.0636,0.0437,0.9000
5way_auc,dinov3_vit7b16,ft-frozen,cls,sam_vit_large,logreg,gap,0.8148,0.8255,-0.0107,-0.1065,0.0891,0.9000
5way_auc,dinov3_vitl16,ft-frozen,cls,sam_vit_base,logreg,gap,0.8615,0.8605,0.0010,-0.0690,0.0772,0.9100
5way_auc,dinov3_vitl16,ft-frozen,cls,sam_vit_base,ft-frozen,gap,0.8615,0.8605,0.0010,-0.0688,0.0781,0.9100
5way_auc,cinema_pretrained,logreg,gap,dinov3_vitb16,logreg,gap,0.9055,0.9105,-0.0050,-0.0620,0.0521,0.9100
5way_auc,dinov3_vits16,ft-frozen,gap,sam_vit_large,ft-frozen,gap,0.8360,0.8405,-0.0045,-0.0875,0.0734,0.9100
5way_auc,dinov3_vits16,logreg,cls,sam_vit_huge,ft-frozen,gap,0.8275,0.8195,0.0080,-0.0790,0.0990,0.9100
5way_auc,dinov3_vits16,logreg,cls,sam_vit_huge,logreg,gap,0.8275,0.8200,0.0075,-0.0742,0.0960,0.9100
5way_auc,dinov3_vitl16,ft-frozen,gap,sam_vit_base,logreg,gap,0.8540,0.8605,-0.0065,-0.0683,0.0638,0.9100
5way_auc,dinov3_vit7b16,ft-frozen,gap,sam_vit_base,logreg,gap,0.8477,0.8605,-0.0128,-0.0950,0.0770,0.9200
5way_auc,cinema_pretrained,ft-full,cls,dinov3_vitb16,logreg,cls,0.8982,0.9020,-0.0038,-0.0995,0.0780,0.9200
5way_auc,dinov3_vit7b16,ft-frozen,gap,dinov3_vit7b16,logreg,cls,0.8477,0.8570,-0.0093,-0.0763,0.0662,0.9200
5way_auc,dinov3_vit7b16,logreg,cls,dinov3_vitl16,ft-frozen,gap,0.8570,0.8540,0.0030,-0.0554,0.0674,0.9300
5way_auc,dinov3_vit7b16,ft-frozen,gap,sam_vit_base,ft-frozen,gap,0.8477,0.8605,-0.0128,-0.0975,0.0711,0.9400
5way_auc,dinov3_vits16,logreg,gap,sam_vit_huge,ft-frozen,gap,0.8280,0.8195,0.0085,-0.0882,0.0995,0.9400
5way_auc,cinema_pretrained,ft-frozen,gap,cinema_pretrained,ft-full,cls,0.9000,0.8982,0.0018,-0.0675,0.0895,0.9600
5way_auc,cinema_pretrained,ft-full,cls,cinema_pretrained,logreg,cls,0.8982,0.8935,0.0047,-0.0853,0.0814,0.9700
5way_auc,dinov3_vit7b16,ft-frozen,cls,sam_vit_huge,ft-frozen,gap,0.8148,0.8195,-0.0047,-0.0993,0.0855,0.9800
5way_auc,cinema_pretrained,logreg,gap,dinov3_vitb16,ft-frozen,gap,0.9055,0.9080,-0.0025,-0.0611,0.0510,0.9800
5way_auc,dinov3_vits16,ft-frozen,cls,sam_vit_large,ft-frozen,gap,0.8420,0.8405,0.0015,-0.0898,0.0993,0.9800
5way_auc,dinov3_vits16,ft-full,cls,sam_vit_large,logreg,gap,0.8125,0.8255,-0.0130,-0.1057,0.0781,0.9800
5way_auc,dinov3_vits16,logreg,cls,sam_vit_large,logreg,gap,0.8275,0.8255,0.0020,-0.0948,0.1013,0.9900
5way_auc,dinov3_vits16,logreg,gap,sam_vit_large,logreg,gap,0.8280,0.8255,0.0025,-0.0946,0.0968,0.9900
5way_auc,dinov3_vits16,ft-full,cls,sam_vit_huge,ft-frozen,gap,0.8125,0.8195,-0.0070,-0.1111,0.1032,1.0000
5way_auc,sam_vit_huge,ft-frozen,gap,sam_vit_huge,logreg,gap,0.8195,0.8200,-0.0005,-0.0221,0.0196,1.0000
5way_auc,cinema_pretrained,logreg,gap,dinov3_vitb16,ft-frozen,cls,0.9055,0.9090,-0.0035,-0.0626,0.0503,1.0000
5way_auc,dinov3_vits16,ft-full,cls,sam_vit_huge,logreg,gap,0.8125,0.8200,-0.0075,-0.1144,0.1015,1.0000
5way_auc,dinov3_vitb16,ft-frozen,cls,dinov3_vitb16,ft-frozen,gap,0.9090,0.9080,0.0010,-0.0307,0.0279,1.0000
5way_auc,sam_vit_base,ft-frozen,gap,sam_vit_base,logreg,gap,0.8605,0.8605,0.0000,-0.0156,0.0139,1.0000
5way_auc,dinov3_vit7b16,ft-frozen,cls,dinov3_vits16,ft-full,cls,0.8148,0.8125,0.0023,-0.1109,0.1028,1.0000
5way_auc,dinov3_vit7b16,logreg,cls,sam_vit_base,logreg,gap,0.8570,0.8605,-0.0035,-0.0825,0.0731,1.0000
5way_auc,dinov3_vit7b16,logreg,cls,sam_vit_base,ft-frozen,gap,0.8570,0.8605,-0.0035,-0.0808,0.0689,1.0000
5way_auc,dinov3_vit7b16,ft-frozen,cls,sam_vit_huge,logreg,gap,0.8148,0.8200,-0.0052,-0.0997,0.0890,1.0000
5way_auc,cinema_pretrained,ft-frozen,gap,dinov3_vitb16,logreg,cls,0.9000,0.9020,-0.0020,-0.0582,0.0526,1.0000
5way_auc,dinov3_vit7b16,ft-frozen,gap,dinov3_vitl16,ft-frozen,gap,0.8477,0.8540,-0.0062,-0.0711,0.0715,1.0000
5way_auc,dinov3_vits16,logreg,cls,dinov3_vits16,logreg,gap,0.8275,0.8280,-0.0005,-0.0341,0.0293,1.0000
5way_auc,dinov3_vit7b16,logreg,gap,dinov3_vitl16,logreg,cls,0.8675,0.8675,0.0000,-0.0539,0.0619,1.0000
5way_auc,dinov3_vit7b16,ft-frozen,gap,dinov3_vitl16,logreg,gap,0.8477,0.8500,-0.0023,-0.0656,0.0670,1.0000
